Fecha gasto,Fecha pago,Ref. pieza,Descripción,Importe,Comentarios
01/12/2025,15/12/2025,25,Enfilado,40.00€,
01/12/2025,15/12/2025,28,Arreglo,20.00€,
01/12/2025,15/12/2025,69,4 € botón ,4.00€,
01/12/2025,15/12/2025,88,"Peine, plata y arreglo: 110 €",110.00€,
01/12/2025,15/12/2025,109,Enfilar,10.00€,
01/12/2025,15/12/2025,127,Enfilar,10.00€,
01/12/2025,15/12/2025,130,Enfilar,10.00€,
01/12/2025,15/12/2025,68,Arreglo rotura,100.00€,
01/12/2025,15/12/2025,107,Enfilado,8.00€,
01/12/2025,15/12/2025,142,Enfilado,10.00€,
01/12/2025,15/12/2025,161,Enfilado,5.00€,
01/12/2025,15/12/2025,172,Enfilar,10.00€,
17/12/2025,29/12/2025,92,Conversión a pendientes,100.00€,
08/05/2026,19/06/2026,148,Reenfilar,30.00€,
08/05/2026,19/06/2026,82,Reenfilar,20.00€,
11/05/2026,19/06/2026,130,Reenfilar,10.00€,
12/05/2026,19/06/2026,210,Reenfilar,10.00€,
12/05/2026,19/06/2026,54,Reenfilar,10.00€,
12/05/2026,19/06/2026,56,Reenfilar,10.00€,
12/05/2026,19/06/2026,201,Reenfilar,10.00€,
14/05/2026,19/06/2026,98,Reenfilar,10.00€,
20/05/2026,19/06/2026,181,Reenfilar,22.00€,
20/05/2026,19/06/2026,178,Reenfilar,14.00€,
25/05/2026,19/06/2026,87,Reenfilar,22.00€,
25/06/2026,17/07/2026,241,Cierre,10.00€,
09/07/2026,,,Lote botones coral,300.00€,
31/07/2026,,226,Enfilado,8.00€,