Ref.,Descripción,Origen,F. Compra,Costo,Gastos,A pagar,PVP,F. Venta,F. Pagado,Estado,Foto,Comentarios
1,Velo de novia rectangular. Vender en 600 o mas,Londres,15/08/2011,700€,0€,0€,,,,AEM,https://photos.app.goo.gl/KVsN5p2ZXAcSbyqa7,
2,Encaje metreado,Londres,15/08/2011,50€,0€,0€,,,,AEM,https://photos.app.goo.gl/StZUHLfkV3FDTsRRA,
3,"Pendientes oro 18k, btes y jade tallado",Mixto,01/07/2017,750€,0€,0€,,,,AEM,https://photos.app.goo.gl/JqS32xTeo2rrgJAi7,
4,"Broche coral mediterraneo 6,7 g",Karlshorst,04/12/2022,40€,0€,100€,,30/03/2023,30/03/2023,VyP 30.03.2023,https://photos.app.goo.gl/ifEYxH8GxtTt1JqJA,
5,"Anillo coral mediterráneo, metal dorado 3,2g",Ostbahnhof,11/12/2022,40€,0€,48€,60€,17/04/2026,19/06/2026,AEM,https://photos.app.goo.gl/5k7K1WsVYbiPnTXP8,
6,"Bolso plata 174g (argollas soldadas, sin sello)",Ostbahnhof,08/01/2023,120€,0€,208€,260€,27/03/2025,27/03/2025,VyP 27/3/25,https://photos.app.goo.gl/2bpPfH451wkeYwsE8,
7,"Collar bolas coral 8,1-4,0 mm 36 g - 94cn",Ostbahnhof,08/01/2023,130€,0€,300€,,Pagado,Pagado,VyP,https://photos.app.goo.gl/7ikJ4rfCEYpXxaLPA,
8,"Collar pequeño coral 13,3 g / 39 cm / 5,2-4,4 mm",Karlshorst,02/04/2023,32€,0€,96€,120€,11/12/2024,11/12/2024,VyP 11.12.2024,,
9,"Collar ópera marfil 82 cm / 89 g / 16,2-7,0 mm",Karlshorst,02/04/2023,200€,0€,500€,,Pagado,Pagado,VyP,https://photos.app.goo.gl/sP1XXTdR4b65A5356,
10,"Collar marfil 23 g / 52 cm / 15,5-4,4 mm",Karlshorst,02/04/2023,40€,0€,180€,,28/08/2023,28/08/2023,VyP 28.08.2023 ,https://photos.app.goo.gl/4p27ECdADJsLSWjv7,
11,"Broche coral y perlitas S.XIX 3,3 g / 30x23 mm",Karlshorst,02/04/2023,50€,0€,120€,,20/07/2023,20/07/2023,VyP 20.07.23,https://photos.app.goo.gl/ep1LQDATUfZD57cw9,
12,"Borche coral S.XIX 4,8g / 31x25 mm",Karlshorst,02/04/2023,50€,0€,120€,,20/07/2023,20/07/2023,VyP 20.07.23,,
13,"Collar ópera marfil 82 cm / 89gr / 16,2-7,0 mm",Karlshorst,02/04/2023,200€,0€,500€,,09/12/2023,09/12/2023,VyP 09.12.23,,
14,"Collar doble cierre antiguo 25,8 g / 33,5 + 42 cm / 6,2-3,8mm",Karlshorst,02/05/2023,78€,0€,136€,,07/05/2024,07/05/2024,VyP 07.05.2024,https://photos.google.com/share/AF1QipPRPnSkQULeKyRLTygSirK2VDTjLavPxcTJEgNcHpqKOR2b07pXfuxWuhkmuz_9jw/photo/AF1QipMl_m2_MnNvy-zITDv9fLNSiCh42oj2bm5-cb29,
15,"Collar coral 4,1-9,3 mm 22,6 g / 51 cm",Ostbahnhof,13/08/2023,30€,0€,60€,,01/07/2024,01/07/2024,VyP 01.07.24,,
16,"Collar coral uniforme 41,4g 7,5mm",Karlshorst,09/09/2023,230€,0€,0€,,,,AEM,https://photos.app.goo.gl/HJxzDQ7pe529sR3fA,
17,"Collar coral antiguo triple 52g 7,7-3,4mm",Karlshorst,09/09/2023,195€,0€,560€,700€,,,AEM,https://photos.app.goo.gl/EUwpRJNYp2qFnCRj6,
18,"Collar coral antiguo 14,4g ~5mm",Karlshorst,09/09/2023,55€,0€,76€,,23/01/2024,23/01/2024,VyP 23.01.24,https://photos.app.goo.gl/aV2GWUHRfSgiRxYf6,
19,"Collar coral antiguo 24,4g 10,5-4,5mm",Karlshorst,09/09/2023,80€,0€,168€,,06/05/2024,06/05/2024,VyP 06.05.24,https://photos.google.com/share/AF1QipPRPnSkQULeKyRLTygSirK2VDTjLavPxcTJEgNcHpqKOR2b07pXfuxWuhkmuz_9jw/photo/AF1QipMomt_Fk_Tta6glBt7fKCAwXLnbtH7umAl7Fo-a,
20,"Broche coral 5,2g diam~28mm",Karlshorst,05/11/2023,22€,0€,160€,,07/06/2024,07/06/2024,VyP 07.06.24,,
21,"Broche coral alargado, bola central perlita falsa",Karlshorst,05/11/2023,27€,0€,160€,,01/07/2024,01/07/2024,VyP 01.07.24,,
22,"Collar coral uniforme 16,6g 4,8mm",Karlshorst,05/11/2023,60€,0€,120€,,01/07/2024,01/07/2024,VyP 01.07.24,,
23,"Broche coral alargado 6,0g 43x13mm",Karlshorst,05/11/2023,50€,0€,160€,,01/07/2024,01/07/2024,VyP 01/07/24,https://photos.app.goo.gl/h47kgNHD2anSJP4w6,
24,"Collar coral clarito pequeno 7,2g 3,5mm",Karlshorst,05/11/2023,20€,0€,54€,,15/03/2024,15/03/2024,VyP 15/03/24,https://photos.app.goo.gl/83CrtgpsoKgbB8S89,
25,"Collar coral muy rojo por enfilar 11,9g diam.6,65-3,5mm",Karlshorst,05/11/2023,30€,40€,0€,,,,AEM,https://photos.app.goo.gl/hqc69qkyL7krJuvg7,
26,"Collar coral 7,78g diam.6,97-3,42mm",Karlshorst,05/11/2023,25€,0€,58€,,16/03/2024,16/03/2024,VyP 16/03/24,https://photos.app.goo.gl/4Y2QnssN4Uik6JRC8,
27,"Collar coral rosa por enfilar 11,7g diam.4,5mm",Karlshorst,05/11/2023,25€,0€,96€,120€,27/03/2025,27/03/2025,VyP 27/3/25,https://photos.app.goo.gl/vAL2Uw3zdf25VnrT6,
28,"Borche botones coral tres centros (con faltas) 7,8g 50x22mm",Tiergarten,03/03/2024,55€,20€,272€,340€,18/09/2025,12/12/2025,AEM,https://photos.app.goo.gl/QVUm7DFxkjYoFRvWA,
29,"Collar largo bolas coral, cierre antiguo coral 42,5g 9,2-4,1mm 107cm ",Tiergarten,03/03/2024,155€,0€,392€,490€,12/05/2025,12/05/2025,VyP 12.5.25,,
30,"Collar doble bolas coral 44,3g 10,3-4,9mm 44cm",Tiergarten,03/03/2024,160€,0€,384€,480€,27/03/2025,27/03/2025,VyP 27/3/25,,
31,"Collar coral 16g 9-4,6mm 42cm",Ostbahnhof,03/03/2024,70€,0€,176€,,14/06/2025,16/09/2025,AEM,https://photos.app.goo.gl/zboGTfENfvy5i3nPA,
32,"Collar doble bolas coral achatadas 30,8g 7,8-3,9mm 56cm",Ostbahnhof,03/03/2024,160€,0€,344€,430€,12/05/2025,12/05/2025,VyP 12.5.25,https://photos.app.goo.gl/nC3rgUDRXyhbg4HbA,
33,"Collar coral bolas achatadas 7,7-4,7mm 23,4g",Karlshorst,19/05/2024,25€,0€,152€,190€,09/09/2025,12/12/2025,AEM,https://photos.app.goo.gl/AFg6fuYgrPY2K9za7,
34,"Broche y colgante de plata y coral 30x35mm 11,2g",Karlshorst,19/05/2024,27€,0€,0€,0€,Regalado a mamá,Regalado a mamá,Regalado a mamá,https://photos.app.goo.gl/zJmjL79bz3wzo7dQA,
35,"Collar largo bolas marfil 4,5-15mm 59g ~85cm",Karlshorst,19/05/2024,50€,0€,208€,260€,11/12/2024,11/12/2024,VyP 11.12.2024,https://photos.app.goo.gl/PkCstUXa1amhmGRD6,
36,"Collar abierto marfil remate esferas 3,6-13,4mm 14,5g",Karlshorst,19/05/2024,20€,0€,112€,140€,11/07/2024,11/07/2024,VyP 11/07/24,https://photos.app.goo.gl/f3JunCFbzc9yCET7A,
37,"Collar bolas marfil  11,7-6mm ~26g ~44cm",Karlshorst,19/05/2024,35€,0€,168€,210€,27/03/2025,27/03/2025,VyP 27/3/25,https://photos.app.goo.gl/ozW1kyY8WGf26VKc6,
38,"Broche alargado de coral 54x17mm 10,6g",Karlshorst,19/05/2024,45€,0€,208€,260€,25/09/2026,,AEM,https://photos.app.goo.gl/TRdEfnjmnq5WmVxv7,
39,"Collar bolas coral 8,4-3,6mm 19,0g ~67cm",Karlshorst,19/05/2024,35€,0€,0€,,,,AEM,https://photos.app.goo.gl/XFFUxsznb5kt1RBg9,
40,"Collar bolas coral 26,2g 7,3-3,8mm ~55cm",Karlshorst,19/05/2024,50€,0€,272€,340€,19/12/2025,03/01/2026,AEM,https://photos.app.goo.gl/jQwh9ZwLBj9iFQbT6,
41,"Collar bolas coral claro no uniforme 58,6g 13,0-4,9mm ~54cm NO ES CORAL, PRECIO AJUSTADO",Karlshorst,19/05/2024,70€,0€,0€,,,,AEM,https://photos.app.goo.gl/ipnhHSxLwd6cDJTm9,
42,"Pequeño broche coral con colgantito ~25x39mm 4,9g",Karlshorst,19/05/2024,65€,0€,192€,240€,18/07/2025,16/09/2025,En sobre,https://photos.app.goo.gl/vNPBmTrPgEH7QEvC7,
43,"Collar bolas coral 4,7-4,1mm 14,8g",Karlshorst,19/05/2024,29€,0€,120€,150€,15/07/2025,16/09/2025,En sobre,https://photos.app.goo.gl/Kuizxw2ZzHFQ61LY7,
44,"Collar coral 7,9-4,2mm 13,4g",Karlshorst,19/05/2024,51€,0€,184€,230€,21/05/2025,16/09/2025,En Sobre 21/5/25,https://photos.app.goo.gl/ZR7ULRowLmSBxyV37,
45,"Collar marfil 17,6-5,5mm 26g",Karlshorst,19/05/2024,20€,0€,141€,176€,23/06/2025,16/09/2025,AEM,https://photos.app.goo.gl/rGJotWk7oFpCsCnL6,
46,"Collar coral 8,2-4,0mm ",Karlshorst,20/05/2024,62€,0€,216€,270€,11/12/2024,11/12/2024,VyP 11.12.2024,https://photos.app.goo.gl/5BjpoctPQzQ6r4cq5,
47,"Broche plata, coral y perlitas. Ramita y media luna",Karlshorst,20/05/2024,48€,0€,184€,230€,12/05/2025,12/05/2025,VyP 12.5.25,https://photos.app.goo.gl/ArPbio2WmUFS4gDe7,
48,"Collar marfil nude flores. Diam 3,6mm",Karlshorst,04/08/2024,10€,0€,152€,190€,11/12/2024,11/12/2024,VyP 11.12.2024,https://photos.app.goo.gl/GacuA7xsN4Uv7ERF7,
49,"Collar coral 7,6-3,5mm ",Karlshorst,04/08/2024,70€,0€,184€,230€,12/05/2025,16/09/2025,En sobre 12/5/25,https://photos.app.goo.gl/tWZMoGJW7bnziE1P6,
50,"Collar coral 3,2-4,4mm",Karlshorst,04/08/2024,35€,0€,120€,150€,,,AEM,https://photos.app.goo.gl/QDK5y9jWEQ6FvvG5A,
51,"Collar coral 6,7-3,0mm",Karlshorst,04/08/2024,50€,0€,120€,150€,24/06/2026,26/06/2026,AEM,https://photos.app.goo.gl/HnRQAdsVxpTBeg6r7,
52,"Collar coral 6,1-3,5mm",Karlshorst,04/08/2024,35€,0€,128€,160€,27/03/2025,27/03/2025,VyP 27/3/25,https://photos.app.goo.gl/L8GSm5Y5KzJjGUMx7,
53,"Peinecillo carey y coral. ¿oro bajo? 9,5x3,5 cm",Agra Leipzig,24/08/2024,160€,0€,240€,300€,27/04/2026,19/06/2026,AEM,https://photos.app.goo.gl/wvpZ4nnod3yRqsej7,
54,"Collar coral 4,2mm 51cm",Agra Leipzig,24/08/2024,25€,10€,100€,125€,17/09/2026,,AEM,https://photos.app.goo.gl/YWSkWGZxXcL8LuGf8,
55,"Collar piel ángel doble vuelta 11,3-3,8mm ~45cm",Agra Leipzig,24/08/2024,180€,0€,520€,650€,,,AEM,https://photos.app.goo.gl/3YRLDR1KEvuK7rhT6,
56,"Collar abierto marfil remate piezas cónicas 4,8-3,2mm",Agra Leipzig,24/08/2024,20€,10€,144€,180€,19/12/2024,19/12/2024,VyP 19.12.2024,https://photos.app.goo.gl/eRx1UJJaPFE88fPs6,
57,Collar marfil uniforme 8mm 48cm,Agra Leipzig,24/08/2024,50€,0€,160€,200€,23/05/2026,19/06/2026,AEM,https://photos.app.goo.gl/AZS6EMSbuoAh6Yia8,
58,"Collar coral buen color 8,0-3,7mm",Agra Leipzig,24/08/2024,65€,0€,208€,260€,03/01/2026,03/01/2026,AEM,https://photos.app.goo.gl/LBs3prBVBXUZ1mi77,
59,"Collar coral color no uniforme 8,5-4,3mm ",Agra Leipzig,24/08/2024,35€,0€,192€,240€,28/07/2026,,AEM,https://photos.app.goo.gl/mx5QLuXC5uz8kqzB6,
60,"Collar coral doble cierre plata dorada 8,3-4,0mm ",Agra Leipzig,24/08/2024,60€,0€,320€,420€,02/07/2025,16/09/2025,AEM,https://photos.app.goo.gl/teDma8Wur1xr3mbP9,
61,"Collar coral, pocas manchas blancas 11,9-5,2mm ",Agra Leipzig,24/08/2024,60€,0€,256€,320€,10/06/2025,16/09/2025,AEM,https://photos.app.goo.gl/HxgteL1QYm7aBhfu9,
62,"Collar coral largo 4,5-5,0mm ~45cm",Agra Leipzig,24/08/2024,45€,0€,232€,290€,30/06/2025,16/09/2025,AEM,https://photos.app.goo.gl/CbuosnCowWrgCnM59,
63,"Collar coral 7,1-3,7mm ",Agra Leipzig,24/08/2024,35€,0€,184€,230€,30/06/2025,16/09/2025,AEM,https://photos.app.goo.gl/PaQoNXC6QW9wC3eV9,
64,"Collar marfil 15,5-5,0mm ",Karlshorst,06/10/2024,78€,0€,200€,260€,27/02/2025,16/09/2025,AEM,https://photos.app.goo.gl/EcSfcgx5WmmFFe3u6,
65,"Collar marfil 13,8-8,6mm ",Karlshorst,06/10/2024,162€,0€,416€,520€,10/06/2025,16/09/2025,AEM,https://photos.app.goo.gl/JPw3ZeXXwBEH7wXU8,
66,"Collar marfil 6,8-6,8mm ",Karlshorst,06/10/2024,10€,0€,128€,160€,09/05/2026,19/06/2026,AEM,https://photos.app.goo.gl/Mnm4H5wLYJPLi7pZ6,
67,"Collar marfil 9,1-3,3mm ",Karlshorst,06/10/2024,10€,0€,152€,190€,27/03/2025,27/03/2025,VyP 27/3/25,https://photos.app.goo.gl/RJRNioMuEzw2nDnc9,
68,Pulsera rígida botones coral centro 4 botones,Tiergarten,13/10/2024,160€,100€,624€,780€,02/12/2025,12/12/2025,AEM,https://photos.app.goo.gl/ZrybWTbBa77UiQWP9,
69,Broche pequeño espiral botones coral,Tiergarten,13/10/2024,46€,4€,168€,210€,,,AEM,https://photos.app.goo.gl/n3RNVVTZqzcWTqst8,
70,Broche pequeño botones coral. Circular. Pieza media luna gallones,Tiergarten,13/10/2024,40€,0€,128€,160€,31/03/2026,19/06/2026,AEM,https://photos.app.goo.gl/xCcvWi2HkGk3KC1r5,
71,Broche barrita botones coral ~62mm,Tiergarten,13/10/2024,35€,0€,128€,160€,02/03/2026,06/03/2026,AEM,https://photos.app.goo.gl/J2qkJBmCc4WczfM88,
72,"Broche pequeño botones coral. ""Ramillete""",Tiergarten,13/10/2024,50€,0€,152€,190€,04/10/2024,04/10/2024,VyP 04/10/24,https://photos.app.goo.gl/Pb1Xcj1g3VwCNrh9A,
73,Broche mediano botones coral en forma de ramo,Tiergarten,13/10/2024,50€,0€,50€,190€,12/05/2025,12/05/2025,VyP 12/05/25,https://photos.app.goo.gl/Nifk2bBsAG7tumcm6,
74,Collar coral con centro rígido de botones,Tiergarten,13/10/2024,290€,0€,520€,650€,,,AEM,https://photos.app.goo.gl/tcqDHbXPWpT5ffxP7,
75,Broche alargado botones coral. Falta púa,Tiergarten,13/10/2024,45€,0€,176€,220€,12/05/2025,12/05/2025,VyP 12.5.25,https://photos.app.goo.gl/GjkKiAGQC6NvkAdH8,
76,"Collar coral clarito uniforme 8,9-8,9mm",Tiergarten,13/10/2024,210€,0€,0€,,,,AEM,https://photos.app.goo.gl/KqGtyZVpNA3tKN2g9,
77,"Collar antiguo clarito 3 vueltas cierre oro 3,6-5,8mm",Tiergarten,13/10/2024,140€,0€,280€,350€,14/04/2026,19/06/2026,AEM,https://photos.app.goo.gl/bZ9UUAyinG6wfgvv8,
78,"Collar 3 vueltas 3,6-7,1mm cierre 3 botones coral",Tiergarten,13/10/2024,230€,0€,320€,400€,02/01/2026,03/01/2026,AEM,https://photos.app.goo.gl/T9zwSRvpt3yXCPBE9,
79,"Collar piel ángel uniforme 8,6mm cierre rosca",Tiergarten,13/10/2024,280€,0€,0€,,,,AEM,https://photos.app.goo.gl/JUsWGwLCrDbtHGfM6,
80,"Collar antiguo coral cierre alargado blanco 9,2-4,3mm",Tiergarten,13/10/2024,90€,0€,0€,,,,AEM,https://photos.app.goo.gl/Hc81L5NGFMpV7YSV6,
81,"Collar coral 6,4-4,3mm. Cierre mosquetón",Tiergarten,13/10/2024,80€,0€,0€,,,,AEM,https://photos.app.goo.gl/AhwfqeyJcX6tXLWp7,
82,"Collar 2 vueltas 5,8-3,5mm. Cierre antiguo 2 botones",Tiergarten,13/10/2024,160€,20€,0€,,,,AEM,https://photos.app.goo.gl/fYKgJrgbUrJLARZi8,
83,"Collar coral 6,9-3,8mm. Cierre mosquetón argolla",Tiergarten,13/10/2024,55€,0€,96€,120€,13/06/2025,16/09/2025,AEM,https://photos.app.goo.gl/4nwGeZX82HfgkhY86,
84,"Collar coral 6,8-3,7mm. Cierre antiguo barrita",Tiergarten,13/10/2024,55€,0€,176€,220€,,,AEM,https://photos.app.goo.gl/Uwb29hJZShZ3TGgm7,
85,"Collar coral 8,2-4,5mm. Cierre forma bola",Tiergarten,13/10/2024,70€,0€,200€,250€,16/07/2026,,AEM,https://photos.app.goo.gl/S1UTnnSTLwtYQQiV7,
86,"Collar coral 7,4-3,8mm. Cierre mosquetón argolla",Tiergarten,13/10/2024,65€,0€,248€,310€,22/04/2026,19/06/2026,AEM,https://photos.app.goo.gl/dpbyksfz9F48bGe76,
87,"Collar doble vuelta 7,4-3,6mm. Cierre mosquetón argolla",Tiergarten,13/10/2024,105€,22€,304€,380€,,,AEM,https://photos.app.goo.gl/9i7rKYzJhhmP6VHd6,
88,Peinecillo hecho con Pieza joyería botones coral. Antiguo centro collar o broche. Incompleto,Tiergarten,13/10/2024,110€,110€,320€,400€,27/04/2026,19/06/2026,AEM,https://photos.app.goo.gl/jGZgCURejLm2gjWg7,
89,"Collar marfil 13,8-5.0mm 55cm",Tiergarten,02/02/2025,25€,0€,0€,,08/07/2025,16/09/2025,AEM,https://photos.app.goo.gl/RoiBCvi8CmXfBHG87,Cedido Mamá -> Reme
90,"Collar marfil 15,6-5.0mm 48cm",Tiergarten,02/02/2025,28€,0€,224€,280€,13/06/2025,16/09/2025,AEM,https://photos.app.goo.gl/nk7DYejQ4dN9Dy7m9,
91,"Collar hueso terminado en 3 vueltas 10-3,7mm 60cm",Tiergarten,02/02/2025,17€,0€,200€,250€,09/10/2025,12/12/2025,AEM,https://photos.app.goo.gl/zSiW49Tncz5UqfPKA,
92,Pendientes coral racimo con piñón colgando (procedente de juego 3 colgantes),Tiergarten,02/02/2025,300€,100€,780€,975€,15/04/2026,19/06/2026,AEM,https://photos.app.goo.gl/FsA1Qgpu44bgNb8j8,
93,Pulsera coral antigua con centro botones grandes,Tiergarten,02/02/2025,700€,0€,"1,840€","2,300€",12/05/2025,12/05/2025,VyP 12.5.25,https://photos.app.goo.gl/zEnxcu25bYEg3pTm6,
94,Pulsera rígida marfil 54g,Tiergarten,09/03/2025,10€,0€,144€,180€,15/05/2025,16/09/2025,En sobre 15.5.25,https://photos.app.goo.gl/KF35NmRjR6fXVivE9,
95,"Broche coral/plata forma rombo, centro estrella. Ana Belén Pérez",Tiergarten,09/03/2025,60€,0€,60€,0€,12/05/2025,12/05/2025,VyP 12.05.25,https://photos.app.goo.gl/7KRXSLLTzM8JuWNR8,
96,Broche grande coral clarito. Hecho de una tiara o collar,Tiergarten,09/03/2025,75€,0€,456€,570€,30/05/2025,16/09/2025,En sobre 30.05.25,https://photos.app.goo.gl/djL8MFhG5RHdCJ9P8,
97,"Collar marfil 104cm 6,5mm",Tiergarten,09/03/2025,10€,0€,184€,230€,06/10/2025,12/12/2025,AEM,https://photos.app.goo.gl/CA7vUKnKTXRTB9tj6,
98,"Collar marfil 49cm 6,6mm",Tiergarten,09/03/2025,7€,10€,140€,175€,11/05/2026,19/06/2026,AEM,https://photos.app.goo.gl/g9k6pDhjUMtnXaGW7,
99,"Collar marfil muy fino 49cm 2,6mm",Tiergarten,09/03/2025,3€,0€,56€,70€,12/05/2025,12/05/2025,VyP 12.5.25,https://photos.app.goo.gl/PvUo2GaPE6nfDFo39,
100,Collar marfil en disminución aprox 15-6mm,Tiergarten,30/03/2025,40€,0€,320€,400€,,,AEM,https://photos.app.goo.gl/3vqumhnWYmfEkMUw5,
101,Anillo decó pequeña lanzadera con bte en oro de 14k,Tiergarten,30/03/2025,145€,0€,304€,380€,14/01/2026,14/01/2026,AEM,https://photos.app.goo.gl/tpR7fbCw1JVSUp3G9,
102,Anillo oro a con aguamarina oval y bte pequeño EN ORO DE 8K,Tiergarten,30/03/2025,76€,0€,232€,290€,10/07/2025,16/09/2025,En sobre,https://photos.app.goo.gl/YKV3gB53J7SN4ZYY7,
103,Guardapelo oro a y b con centro aplicado decócen oro de 9k,Tiergarten,30/03/2025,115€,0€,212€,265€,08/05/2026,19/06/2026,AEM,https://photos.app.goo.gl/2CfKTkm64rAwW8qS8,
104,Broche talla en hueso ciervos,Tiergarten,30/03/2025,32€,0€,120€,150€,13/05/2025,16/09/2025,Sobre 13/05/25,https://photos.app.goo.gl/8UBSXKWHKLMqpPnP6,
105,Colgante en forma de rosa,Tiergarten,30/03/2025,12€,0€,64€,80€,10/09/2025,12/12/2025,AEM,https://photos.app.goo.gl/zWnQb4kvEqJL5T577,
106,Pendientes coral y metal dorado. Piñones gallonados,Tiergarten,30/03/2025,48€,0€,300€,375€,28/07/2026,,AEM,https://photos.app.goo.gl/eddoG9zjxrFtD2Hu8,
107,"Collar hueso 15,2-7mm 67cm",Arkonaplatz,20/04/2025,10€,8€,80€,100€,14/04/2026,19/06/2026,AEM,https://photos.app.goo.gl/oMFFYs7bXSMUcEdS7,
108,"Collar marfil fino 3,5mm con colgante marfil forma rosa",Arkonaplatz,20/04/2025,13€,0€,232€,290€,19/05/2025,16/09/2025,En sobre 19/05/25,https://photos.app.goo.gl/3Mc1QAQP8Dxr5U1BA,
109,"Collar bolas marfil 17,4-8mm 52cm",Arkonaplatz,20/04/2025,32€,10€,256€,320€,09/05/2026,19/06/2026,AEM,https://photos.app.goo.gl/2Ra2dhj2Bia4TqFD7,
110,"Collar fino marfil 3,8mm con centro bolla tallada y 3 colganties",Arkonaplatz,20/04/2025,13€,0€,148€,185€,13/05/2026,19/06/2026,AEM,https://photos.app.goo.gl/BPM68G8uRMRWNESj9,
111,"Collar doble marfil 13,6-3,8mm 50cm",Arkonaplatz,20/04/2025,29€,0€,256€,320€,19/05/2025,16/09/2025,En sobre 19/05/25,https://photos.app.goo.gl/3Xiw4vAPi7MjYmjh8,
112,Collar marfil estilo oriental con colgante placa relieve elefante,Arkonaplatz,20/04/2025,10€,0€,280€,350€,19/05/2025,16/09/2025,En sobre 19/05/25,https://photos.app.goo.gl/QbPFbyaKbga1jVLz7,
113,Pendientes marfil en forma de rosa,Arkonaplatz,20/04/2025,1€,0€,120€,150€,16/05/2025,16/09/2025,En sobre 16/5,https://photos.app.goo.gl/xYWcDec97ZMe5qZv8,
114,Pulsera rígida marfil media caña 26gr,Arkonaplatz,20/04/2025,14€,0€,152€,190€,,,AEM,https://photos.app.goo.gl/9sYbkakvdWAaerdg7,
115,"Pulsera rígida marfil tallada forma cordón. Restos metal. 8,1g",Arkonaplatz,20/04/2025,4€,0€,112€,140€,,,AEM,https://photos.app.goo.gl/sVMo3qWFwZTXXkgD6,
116,"Collar marfil mútiples hilos 'trenzados' 60cm 14,9g",Arkonaplatz,20/04/2025,6€,0€,224€,280€,19/05/2025,16/09/2025,En sobre 19/05/25,https://photos.app.goo.gl/Dhn1Amc6dc9MkYpX9,
117,"Collar marfil cuentas ""cuadradas"" 24g",Arkonaplatz,20/04/2025,11€,0€,240€,300€,14/07/2025,16/09/2025,en sobre,https://photos.app.goo.gl/vbc7NEECM3DzgNVo9,
118,"Collar marfil uniforme 6,0-6,5mm 80cm 45,2g",Arkonaplatz,20/04/2025,18€,0€,288€,360€,19/05/2025,16/09/2025,En sobre 19/05/25,https://photos.app.goo.gl/fTGrDbFKpbppBVrj6,
119,"Collar marfil 13,7-4,1mm 62cm 21,4g",Arkonaplatz,20/04/2025,10€,0€,232€,290€,,,AEM,https://photos.app.goo.gl/xtix2eeGG9xSsc5B7,
120,Collar coral largo ~5mm 96cm,Arkonaplatz,20/04/2025,9€,0€,232€,290€,19/05/2025,16/09/2025,En sobre 19/05/25,https://photos.app.goo.gl/Tkvx5RLgdusqEkmD6,
121,"Collar marfil 5,4-3,6mm 92cm 13,6g",Arkonaplatz,20/04/2025,6€,0€,88€,,22/05/2025,16/09/2025,AEM,https://photos.app.goo.gl/3dXSpppREu6MCbne9,
122,"Collar marfil cuentas ojivales 7,0-3,4mm 50cm 13,0g",Arkonaplatz,20/04/2025,5€,0€,232€,290€,19/05/2025,16/09/2025,En sobre 19/05/25,https://photos.app.goo.gl/f8KaJJx7QZSZYfdJ8,
123,"Collar marfil muy fino cuentas ojivales 3mm 38cm 3,5g",Arkonaplatz,20/04/2025,1€,0€,120€,150€,19/05/2025,16/09/2025,En sobre 16/5,https://photos.app.goo.gl/HsYqndPFwwrvtqrS6,
124,"Pulsera elástica marfil ~5,3mm 4,8g",Arkonaplatz,20/04/2025,2€,0€,96€,120€,19/05/2025,16/09/2025,En sobre 16/5,https://photos.app.goo.gl/QkscgUq1B5SHCc937,
125,"Collar marfil cuentas ojivales 16,0-6,3mm 70cm 48,3g",Arkonaplatz,20/04/2025,25€,0€,488€,610€,19/05/2025,16/09/2025,En sobre 16/5,https://photos.app.goo.gl/EyKKAAxu86Y5uUaf9,
126,"Collar marfil 13,2-3,4mm 60cm 23,7g",Arkonaplatz,20/04/2025,11€,0€,168€,210€,,,AEM,https://photos.app.goo.gl/sX4W8dZCso4GrurDA,Por reenfilar
127,"Collar marfil con colgante diente 5,7mm 56cm 17,8g",Arkonaplatz,20/04/2025,7€,10€,  ,150€,02/07/2026,,AEM,https://photos.app.goo.gl/pkswRaHvWwxfnYrPA,
128,"Pulsera marfil piezas planas ""cuadradas"" 22,2g",Arkonaplatz,20/04/2025,9€,0€,156€,195€,19/05/2025,16/09/2025,En sobre 16/5,https://photos.app.goo.gl/3iMqzo94MNsbs9J29,
129,"Punta de colmillo de marfil 32,2g",Arkonaplatz,20/04/2025,13€,0€,76€,95€,,,AEM,https://photos.app.goo.gl/PH5wUXJhbksb7pLi7,
130,"Collar marfil sin enfilar ~5,8mm 17,1g",Arkonaplatz,20/04/2025,7€,20€,120€,150€,11/05/2026,19/06/2026,AEM,https://photos.app.goo.gl/hQuFBVZxn1RaW9DY6,
131,Collar hueso piezas planas alentejadas,Arkonaplatz,20/04/2025,18€,0€,168€,210€,19/05/2025,16/09/2025,En sobre 15.5.25,https://photos.app.goo.gl/1qMFT98otHKVZgG99,
132,Pulsera hueso media caña hecha a piezas 25g,Arkonaplatz,20/04/2025,8€,0€,96€,120€,19/05/2025,16/09/2025,En sobre 16/5,https://photos.app.goo.gl/twUvc8s4yfN7YwA58,
133,Colgante hueso placa calada figura ciervo 3.6g,Arkonaplatz,20/04/2025,1€,0€,48€,60€,19/05/2025,16/09/2025,En sobre 16/5,https://photos.app.goo.gl/yzXrh3DdViqmsGZj8,
134,Colgante hueso policromado cesta florero ~20x23mm 1.6g,Arkonaplatz,20/04/2025,2€,0€,64€,80€,19/05/2025,16/09/2025,En sobre 16/5,https://photos.app.goo.gl/c7PZKG9gSWfCNqLM7,
135,Anillo hueso sencillo gallonado diagonal,Arkonaplatz,20/04/2025,1€,0€,32€,40€,19/05/2025,16/09/2025,En sobre 19/05/25,https://photos.app.goo.gl/zDn81uEVZgt9KDSU9,
136,Colgante hueso forma rosa ~22x24mm,Arkonaplatz,20/04/2025,2€,0€,48€,60€,19/05/2025,16/09/2025,En sobre 19/05/25,https://photos.app.goo.gl/DiRXT7EjNPnQyf6c7,
137,Anillo hueso con grabados decorativos,Arkonaplatz,20/04/2025,1€,0€,28€,35€,19/05/2025,16/09/2025,En sobre 16/5,https://photos.app.goo.gl/9MynwYMk7J267c9P6,
138,Colgante madera forma ros,Arkonaplatz,20/04/2025,1€,0€,32€,40€,19/05/2025,16/09/2025,En sobre 15.5.25,https://photos.app.goo.gl/2T12fzVUoVBf3mUL7,
139,Collar material desconocido color marfil piezas ojivales,Arkonaplatz,20/04/2025,10€,0€,96€,120€,,,AEM,https://photos.app.goo.gl/QTS6qkideK4p1k5c7,
140,"Pendientes botón gordo coral diam. ~14mm 8,9g",Tiergarten,26/04/2025,350€,0€,0€,,,,AEM,https://photos.app.goo.gl/61WUb1uhrRwCBhJ6A,
141,"Collar abierto marfil 12,0-3,8mm 88cm 18g",Tiergarten,26/04/2025,23€,0€,208€,260€,03/06/2025,16/09/2025,En sobre  03/06/25,https://photos.app.goo.gl/yDc3Jq5aEmgefLqG9,
142,"Collar marfil fino 3,5mm",Tiergarten,26/04/2025,6€,10€,80€,100€,04/05/2026,19/06/2026,AEM,https://photos.app.goo.gl/hgGCRdsck8Nr6TXHA,
143,"Collar coral finito 3,2mm con bola gorda central 11,8mm 5,0g ",Tiergarten,26/04/2025,7€,0€,0€,,16/05/2025,16/09/2025,AEM,https://photos.app.goo.gl/k5wX7nPwx33oEUzNA,
144,"Collar marfil fino 4mm 4,0g",Tiergarten,26/04/2025,5€,0€,80€,100€,16/05/2025,16/09/2025,AEM,https://photos.app.goo.gl/Shv9WPvJxHBNLvX7A,
145,"Collar marfil fino cuentas ojivales 4,1mm 8,5g 60cm",Tiergarten,26/04/2025,11€,0€,180€,225€,,,AEM,https://photos.app.goo.gl/BvbuJUkFfHe3wu3z5,
146,Anillo importante años 50 con brillantes y zafiros marquise,Tiergarten,10/05/2025,"1,920€",0€,"3,440€","4,300€",18/02/2026,06/03/2026,AEM,https://photos.app.goo.gl/FXeeo39uYrTPTpz16,A medias con mamá
147,Anillo cabujón ovalado jade verde,Tiergarten,10/05/2025,80€,0€,144€,180€,19/11/2025,12/12/2025,En sobre,https://photos.app.goo.gl/xyYubUJ5omZypGof7,A medias con mamá
148,"Collar triple coral color bonito 3,6-7,7mm 55cm 44g",Tiergarten,10/05/2025,150€,30€,544€,680€,,,AEM,https://photos.app.goo.gl/XcsC1jk9DyJZdfjp7,
149,"Collar abierto marfil terminado con bolas mayores 3,7-13,3mm ",Tiergarten,10/05/2025,22€,0€,200€,250€,22/05/2025,16/09/2025,AEM,https://photos.app.goo.gl/aqkk6WSdtN26VR4K7,
150,"Collar abierto marfil terminado con flores 3,3mm ",Tiergarten,10/05/2025,22€,0€,176€,250€,27/05/2025,16/09/2025,AEM,https://photos.app.goo.gl/M41cku6fSzZaxtBS7,
151,"Collar abierto marfil terminado con piezas esféficas talladas 3,3mm ",Tiergarten,10/05/2025,22€,0€,200€,250€,18/07/2025,16/09/2025,AEM,https://photos.app.goo.gl/imzcNrtN61mH5K33A,
152,"Colgante oro b y brillantitos con piñón coral 26x9mm 2,24g",Tiergarten,10/05/2025,120€,0€,472€,590€,,,AEM,https://photos.app.goo.gl/hjagkx4SdurX1uCq7,
153,Broche collar metal dorado dos botones coral y colgantitos,Karlshorst,07/06/2025,20€,0€,72€,90€,30/03/2026,19/06/2026,AEM,https://photos.app.goo.gl/ESXEMUHe6aD2r2Ld8,
154,Broche collar plata dos botones coral ,Karlshorst,07/06/2025,20€,0€,64€,80€,,,AEM,https://photos.app.goo.gl/pG6gNQynhNPUjRTW6,
155,Broche plata y coral en forma de ramillete,Karlshorst,07/06/2025,50€,0€,136€,170€,30/12/2025,03/01/2026,AEM,https://photos.app.goo.gl/exCi6p56bV9QqRjH7,
156,"Collar finito coral cierre dorado 10,5g  5,6-3,6mm",Karlshorst,07/06/2025,37€,0€,136€,170€,11/02/2026,06/03/2026,AEM,https://photos.app.goo.gl/icsJPTtcobQ9uos98,
157,"Pulsera coral 3 hilos cierre metal dorado 14,8g ~4,5mm",Karlshorst,07/06/2025,75€,0€,180€,225€,29/12/2025,03/01/2026,AEM,https://photos.app.goo.gl/JfaCrfieMo3sgbbv6,
158,"Collar finito marfil barriletes 5,7g",Karlshorst,07/06/2025,5€,0€,80€,100€,17/11/2025,12/12/2025,AEM,https://photos.app.goo.gl/KVeX33o31pRumB7h8,
159,"Collar gordo marfil 14,6-6mm 42g",Karlshorst,07/06/2025,35€,0€,304€,380€,20/07/2026,20/07/2026,AEM,https://photos.app.goo.gl/DpY1quMncpPFKEfy6,
160,Pulsera rígida marfil aro sencillo finito,Tiergarten,06/07/2025,10€,0€,80€,100€,,,AEM,https://photos.app.goo.gl/DvfNUHAkxwTrLYJTA,
161,"Pulsera eslabones marfil y ¿ébano?, Elástica. Forma cinturón",Tiergarten,06/07/2025,10€,5€,120€,150€,,,AEM,https://photos.app.goo.gl/SG59xoaD6JShXno86,
162,"Collar marfil bolas grandes/chicas intercaladas 7,9-2,7mm",Tiergarten,06/07/2025,20€,0€,160€,200€,25/11/2025,12/12/2025,AEM,https://photos.app.goo.gl/SG59xoaD6JShXno86,
163,"Collar marfil abierto esferas en disminución 12,6-3,4mm",Tiergarten,06/07/2025,20€,0€,200€,250€,15/12/2025,15/12/2025,AEM,https://photos.app.goo.gl/zP89Firqb72ksfNm6,
164,Collar marfil uniforme sin cierre ~70cm ~8mm,Tiergarten,06/07/2025,25€,0€,208€,260€,,,AEM,https://photos.app.goo.gl/iA8kmCdRjeargTAv7,
165,"Collar marfil uniforme muy largo ~150cm ~4,9mm con cierre",Tiergarten,06/07/2025,25€,0€,200€,250€,02/01/2026,03/01/2026,AEM,https://photos.app.goo.gl/fXd72D4GW2RKztos9,
166,"Collar marfil bola gorde 17,7-8,0mm ~62cm",Tiergarten,06/07/2025,40€,0€,320€,400€,09/07/2026,,AEM,https://photos.app.goo.gl/8o2wKbg5vCaT3rQp9,
167,"Collar marfil triple 12,0-3,8mm cierre articulado",Tiergarten,06/07/2025,30€,0€,300€,375€,17/12/2025,03/01/2026,AEM,https://photos.app.goo.gl/ZDVmRJcSoUogFgEw9,
168,"Pulsera eslabones coral, montura plata, cierre coral tallado flor",Tiergarten,06/07/2025,380€,0€,760€,950€,,,AEM,https://photos.app.goo.gl/csC7eE9M2Vzc5fxo8,
169,Pendientes pequeños antiguos oro bajo/coral,Tiergarten,06/07/2025,70€,0€,120€,150€,10/10/2025,12/12/2025,AEM,https://photos.app.goo.gl/Gnzt6bTTRnmoqbnJA,
170,"Collar marfil bolas y piezas acampanadas ~5,3mm ~75cm",Tiergarten,06/07/2025,10€,0€,180€,225€,10/02/2026,06/03/2026,AEM,https://photos.app.goo.gl/iocQKVEtNSiDercS7,
171,Bolso plata plaquitas. Cierre modernista cabujones rojos,Tiergarten,06/07/2025,45€,0€,232€,290€,,,AEM,https://photos.app.goo.gl/T9JWqGx11zLWLEcY9,Neceista arreglo
172,"Collar turquesa por montar ~14,1-5mm",Tiergarten,06/07/2025,45€,10€,200€,250€,17/06/2026,19/06/2026,AEM,https://photos.app.goo.gl/LZejoVSQrewLPdo58,
173,Collar abierto marfil muy claro piezas pirámidales alargadas,Tiergarten,12/10/2025,7€,0€,160€,200€,16/12/2025,16/12/2025,AEM,https://photos.app.goo.gl/YMVEPZ18M4342DaUA,
174,Collar abierto marfil terminado esferas labradas,Tiergarten,12/10/2025,8€,0€,200€,250€,15/12/2025,15/12/2025,AEM,https://photos.app.goo.gl/NfMQgc7ewDhvRJD78,
175,"Collar coral buen color 10,7-4,1mm",Tiergarten,25/10/2025,90€,0€,296€,370€,15/06/2026,19/06/2026,AEM,https://photos.app.goo.gl/5VwjBKC9Fhtc5aD99,
176,Pulsera rígida marfil media caña ~12mm,Tiergarten,25/11/2025,14€,0€,76€,95€,,,AEM,https://photos.app.goo.gl/kJ1BzZZ6aowzbUF18,
177,Pulsera rígida marfil media caña ~10mm,Tiergarten,25/11/2025,11€,0€,72€,90€,,,AEM,https://photos.app.goo.gl/GQX1gbcZc1SWEQWB6,
178,Collar uniforme coral muy rojo ~6.3-6.5mm,Tiergarten,02/11/2025,30€,14€,240€,300€,26/09/2026,,AEM,https://photos.app.goo.gl/yUktrbtnytstfFiE7,
179,"Pendentes s.XIX oro 9k, plata, dtes, rubís y camafeo coral h:45mm",Tiergarten,02/11/2025,400€,0€,640€,800€,,,AEM,https://photos.app.goo.gl/s252cBmp764A7k3g6,
180,"Collar coral antiguo ligeramente achatado 6,4-3,4mm",Tiergarten,02/11/2025,25€,0€,144€,180€,03/01/2026,03/01/2026,AEM,https://photos.app.goo.gl/bbT1fvPA8YnuQagt9,
181,Collar doble coral antiguo ~7.5-3.5mm,Tiergarten,02/11/2025,35€,22€,232€,290€,,,AEM,https://photos.app.goo.gl/ZP4J6YxzThRCbnDH7,
182,"Broche coral botones grandes, botón central oval grande, 3 colgantes, plata 72x36mm",Tiergarten,30/11/2025,470€,0€,960€,"1,200€",,,AEM,https://photos.app.goo.gl/371r6KjpUGpuwixNA,
183,Pequeño anillo lanzadera 15mm art deco con brillantito central,Tiergarten,30/11/2025,220€,0€,360€,450€,15/12/2025,15/12/2025,AEM,https://photos.app.goo.gl/ihQUfjzNNyt58Mec9,
184,Colgante art deco alargado 40mm brillante central. Con cadena.,Tiergarten,30/11/2025,375€,0€,680€,850€,,,AEM,https://photos.app.goo.gl/5dNpBojvoSDh76HF9,
185,Collar antiguo oro bajo cabujón central oval coral 4.4 gr,Tiergarten,30/11/2025,155€,0€,520€,650€,,,AEM,https://photos.app.goo.gl/KVWUfLaB7AfH18a28,
186,"Collar finito 5,4-3,4mm coral color irregular cierra antiguo",Tiergarten,30/11/2025,30€,0€,120€,150€,17/04/2026,19/06/2026,AEM,https://photos.app.goo.gl/H6mwdxJmbtgaTKLk8,
187,Broche coral plata media luna y ramillete 35x28mm,Tiergarten,30/11/2025,50€,0€,200€,250€,23/05/2026,19/06/2026,AEM,https://photos.app.goo.gl/av8m82UkoH5PSqtTA,
188,Broche coral ¿oro bajo? racimo 32x17mm,Tiergarten,30/11/2025,54€,0€,152€,190€,13/01/2026,14/01/2026,AEM,https://photos.app.goo.gl/omrW1Zpg7TQfjDzZ8,
189,Collar abierto marfil terminado bolas gallonadas,Tiergarten,18/01/2026,16€,0€,168€,210€,16-6-26,19/06/2026,AEM,https://photos.app.goo.gl/T1eSqUpw56n7HxMT7,
190,Collar abierto marfil terminado piezas facetadas,Tiergarten,18/01/2026,16€,0€,0€,,,,AEM,https://photos.app.goo.gl/PzQfReyMera6ji6K8,
191,Broche hueso forma de rosa,Tiergarten,18/01/2026,8€,0€,152€,190€,,,AEM,https://photos.app.goo.gl/BxNU15SUusXg8t8H9,
192,"Botón suelto coral 15,5mm 2,8g",Tiergarten,18/01/2026,35€,0€,0€,,,,AEM,https://photos.app.goo.gl/yJvai2AwvpJSeN3eA,
193,"Pieza coral tallado cara mujer con pañuelo 31x22mm aprox 10,9g",Tiergarten,18/01/2026,140€,0€,0€,,,,AEM,https://photos.app.goo.gl/ugLGzFgZwMdCJpEi9,
194,Collar abierto marfil terminado piezas talladas,Tiergarten,18/01/2026,15€,0€,216€,270€,16/06/2026,19/06/2026,AEM,https://photos.app.goo.gl/RzBp9E7S42b9DVRo8,
195,Collar coral triple uniforme broche plata 44g,Tiergarten,18/01/2026,180€,0€,0€,,,,AEM,https://photos.app.goo.gl/PfyeH7Rs7tdPw8rD7,
196,"Anillo lanzadera rubí, dtes, oro 750, plata",Tiergarten,18/01/2026,400€,0€,760€,950€,,,AEM,https://photos.app.goo.gl/dEfYEixgJrwFacmb9,
197,"Pulsera antigua articulada 19cm oro 14k, plata y rubís",Tiergarten,22/02/2026,"2,300€",0€,"3,920€","4,900€",,,AEM,https://photos.app.goo.gl/8ugJUySbUGSV8Lmh6,
198,"Collar antiguo coral anaranjado muy largo (120cm), 8,5-3,5mm",Tiergarten,22/02/2026,70€,0€,0€,,,,AEM,https://photos.app.goo.gl/UY12bNvDeWLrNFVdA,
199,"Collar coral 52cm 6,7-3,3mm",Tiergarten,14/03/2026,40€,0€,0€,,,,AEM,https://photos.app.goo.gl/wcTuitNm9AHN4QtMA,a medias con mamá
200,Collar coral 80cm cuentas cilíndricas con 9 cuentas negras esféricas intercaladas,Tiergarten,14/03/2026,43€,0€,256€,320€,,,AEM,https://photos.app.goo.gl/FwfnYSaMGGc4eMC68,a medias con mamá
201,"Collar coral 42cm 7,7-3,6mm",Tiergarten,14/03/2026,37€,10€,168€,210€,,,AEM,https://photos.app.goo.gl/rDnMh9K6x38TxJwFA,a medias con mamá
202,Collar abierto marfil finales esféricos labrados,Tiergarten,14/03/2026,30€,0€,0€,,,,AEM,https://photos.app.goo.gl/2zqkpC6dUYQUZ8pr9,a medias con mamá
203,Collar abierto marfil finales 3 bolas disminución,Tiergarten,14/03/2026,30€,0€,0€,,,,AEM,https://photos.app.goo.gl/okZ62aEB7TK9JPd7A,a medias con mamá
204,Collar abierto marfil finales piezas cónicas y esfera,Tiergarten,14/03/2026,30€,0€,184€,230€,29/06/2026,17/07/2026,AEM,https://photos.app.goo.gl/kqTsyK3Xkd95hvCTA,a medias con mamá
205,"Collar doble coral 10,0-4,8mm 48g",Tiergarten,14/03/2026,200€,0€,560€,700€,,,AEM,https://photos.app.goo.gl/YKGuKusSFuvjziiZ6,a medias con mamá
206,"Pendientes oro a, dte tall roca y angelotes coral med",Tiergarten,14/03/2026,508€,0€,"1,080€","1,350€",,,AEM,https://photos.app.goo.gl/GbNZHDhnCcQDQEvN9,a medias con mamá
207,"Collar coral med 56cm 13,2-5,4mm, cierre plata serpiente con ojos esmeralda",Tiergarten,14/03/2026,692€,0€,"1,040€","1,300€",,,AEM,https://photos.app.goo.gl/dyXkU3jn4CsboaA69,a medias con mamá
208,"Collar fino 11 hijos coral, cierre metal dorado",Tiergarten,14/03/2026,200€,0€,760€,950€,,,AEM,https://photos.app.goo.gl/Z9FLuyPpnqmhjVTx5,a medias con mamá
209,"Collar coral doble 54,6g 9,8-4,5mm",Tiergarten,14/03/2026,241€,0€,"1,040€","1,300€",,,AEM,https://photos.app.goo.gl/FQnPA1c7Zvm2LABJ6,a medias con mamá
210,"Collar coral 8,6-4,2mm 21,7g",Tiergarten,14/03/2026,92€,10€,184€,230€,02/07/2026,17/07/2026,AEM,https://photos.app.goo.gl/JVSiq3DofvfLz8kV8,a medias con mamá
211,"Collar coral 8,0-4,0mm 18,3g",Tiergarten,14/03/2026,65€,0€,0€,,,,AEM,https://photos.app.goo.gl/TvwFnB4Uzck5x6mHA,a medias con mamá
212,"Collar coral 8,5-4,5mm 34,5g ",Tiergarten,14/03/2026,147€,0€,0€,,,,AEM,https://photos.app.goo.gl/Qx7zLzmCrGjCFnNG6,a medias con mamá
213,"Anillo oro 18k, botón coral y dte 2,8g",Tiergarten,14/03/2026,350€,0€,600€,750€,,,AEM,https://photos.app.goo.gl/ibsrdK6JP4ab7vTv7,a medias con mamá
214,"Anillo lanzadera ~1ct btes, oro 18k",Tiergarten,14/03/2026,800€,0€,"1,360€","1,700€",,,AEM,https://photos.app.goo.gl/K5twHMBtTh5ttckSA,a medias con mamá
215,Collar marfil con colgante forma rosa,Tiergarten,14/03/2026,25€,0€,184€,230€,29/06/2026,17/07/2026,AEM,https://photos.app.goo.gl/yj7EUXRX21175g6u6,a medias con mamá
216,"Collar coral buen color 9,4-4,0mm ",Tiergarten,14/03/2026,110€,0€,0€,,,,AEM,https://photos.app.goo.gl/GC1ZSnrNwNtH8JqbA,a medias con mamá
217,"Collar finito coral 6,5-3,9mm",Tiergarten,14/03/2026,30€,0€,0€,,,,AEM,https://photos.app.goo.gl/KUoVfaYd7dcDkPV6A,a medias con mamá
218,"Collar finito coral 5,5-3,1mm ",Karlshorst,05/04/2026,25€,0€,80€,100€,26/06/2026,17/07/2026,AEM,https://photos.app.goo.gl/p2apDzHyaFPSyYxY6,
219,"Broche coral 40x20mm dos centros, montura baja calidad",Karlshorst,05/04/2026,15€,0€,184€,230€,,,AEM,https://photos.app.goo.gl/Ef2LcS2NGEWx41iS6,
220,"Collar coral buen color, esférico 9,8-3,8mm ~70cm ~27g",Tiergarten,26/04/2026,235€,0€,0€,,,,AEM,https://photos.app.goo.gl/WP6yDVsvC9Y9U6PZ9,
221,Broche coral/plata centro y 2 orlas botones/bolas 28x24mm,Tiergarten,24/04/2026,107€,0€,304€,380€,,,AEM,https://photos.app.goo.gl/JrxcPfzboe1xR5Yv8,
222,Broche botones coral/ponpón forma redondeada,Tiergarten,22/04/2026,90€,0€,0€,,,,AEM,https://photos.app.goo.gl/GThAJP2EVzt4pgsc8,Necesita reparación
223,Broche botones coral/plata forma herradura 28x31mm,Tiergarten,20/04/2026,63€,0€,256€,320€,,,AEM,https://photos.app.goo.gl/1hYzRejfhebLo3uh8,
224,Juego collar y pulsera coral cuentas ahuevadas ~22g,Tiergarten,18/04/2026,60€,0€,0€,,,,AEM,https://photos.app.goo.gl/zC2nA34MNQbmomxq9,
225,"Collar coral cuentas algo achatadas 8,2-4,5mm ~72cm ~30g",Tiergarten,16/04/2026,135€,0€,240€,300€,,,AEM,https://photos.app.goo.gl/wN5KY2mmpJDpTRT96,
226,"Collar coral 7,2-4,0mm 18,7g",Tiergarten,14/04/2026,70€,8€,200€,250€,,,AEM,https://photos.app.goo.gl/VRiy5YWX2r86z4gz9,
227,"Collar coral uniforme ~5,5mm 64cm 28,3g",Tiergarten,12/04/2026,110€,0€,0€,,,,AEM,https://photos.app.goo.gl/ojVYDF3gZoEpA5mx9,
228,"Collar coral pequeño 4,5-3,3mm 12,1g",Tiergarten,10/04/2026,35€,0€,160€,200€,,,AEM,https://photos.app.goo.gl/Li4NBnB3rFYkVxRG8,
229,"Collar coral 5,0-4,7mm ~42cm 14,8g",Tiergarten,08/04/2026,40€,0€,0€,,,,AEM,https://photos.app.goo.gl/58q8RWfEbWNEeiqs9,
230,"Broche plata/coral 36x25mm forma circular, ramita",Tiergarten,14/06/2026,51€,0€,200€,250€,,,AEM,https://photos.app.goo.gl/eCCmPnEbMbEJ79uj7,Faltan 2 botones
231,"Broche coral metal dorado forma circular diam. 28mm, pieza central colgante",Tiergarten,14/06/2026,51€,0€,200€,250€,,,AEM,https://photos.app.goo.gl/MsoA9VZcsyoGP66RA,Faltan 5 botones
232,"Broche coral circular diam. 28mm, oro bajo, centro 4+1 botones",Tiergarten,14/06/2026,51€,0€,200€,250€,,,AEM,https://photos.app.goo.gl/TB5uGuUpPvbsrNEn9,"Necesita reparación, falta 1 botón"
233,"Collar coral esférico buen color 11,4-4,4mm cierre mosquetón",Tiergarten,14/06/2026,209€,0€,0€,,,,AEM,https://photos.app.goo.gl/S5ZDyqTojYymUh8c7,"1 bola rota, reenfilar"
234,"Collar coral esférico buen color 10,5-4,3mm cierre mosquetón",Tiergarten,14/06/2026,238€,0€,440€,550€,,,AEM,https://photos.app.goo.gl/RJUnMrvechKn66a98,
235,"Collar coral uniforme ~4,5-4,7mm, cierre mosquetón",Tiergarten,14/06/2026,30€,0€,0€,,,,AEM,https://photos.app.goo.gl/nVkCwgXdFZUHucBB9,
236,"Collar coral 6,1-4,5mm sin cierre",Tiergarten,14/06/2026,30€,0€,160€,200€,,,AEM,https://photos.app.goo.gl/a5osPXCTxfx2jjEt7,"Falta broche, reenfilar"
237,Pulsera coral triple  ~4mm cierra plata con botón rojo,Tiergarten,14/06/2026,60€,0€,224€,280€,,,AEM,https://photos.app.goo.gl/wMBZ56mM2pqVuydJ7,
238,"Pulsera coral  triple coral color diverso, cierre plata",Tiergarten,14/06/2026,60€,0€,0€,,,,AEM,https://photos.app.goo.gl/JTs9ffiDHbPxvksf7,
239,"Collar doble coral 6,8-4,8mm cierre oro bajo y coral",Tiergarten,14/06/2026,163€,0€,0€,,,,AEM,https://photos.app.goo.gl/82xXAT4CZZ7VGPh49,Reenfilar
240,"Collar coral 7,9-4,5mm cierre metal dorado",Tiergarten,14/06/2026,49€,0€,200€,250€,,,AEM,https://photos.app.goo.gl/W8PngE6z7gYzAegn8,
241,"Collar finito uniforme marfil 3,2mm",Tiergarten,14/06/2026,8€,10€,112€,140€,25/06/2026,26/06/2026,AEM,https://photos.app.goo.gl/7hh6AeMREdxuoiPC9,
92b,Colgante coral racimo con piñón colgando (procedente de juego 3 colgantes),Tiergarten,02/02/2025,150€,0€,360€,450€,,,AEM,https://photos.app.goo.gl/FsA1Qgpu44bgNb8j8,
242,"Collar doble bolas coral 8,5-4,7mm 35g",Tiergarten,26/07/2026,200€,,,,,,AEM,https://photos.app.goo.gl/pcqz2kVadMfQARyc9,
243,Broche art-deco oro blanco y btes ~5g,Tiergarten,26/07/2026,600€,,,,,,AEM,https://photos.app.goo.gl/1bxEkV27qmxTTjiJA,
244,Broche coral alargado 3 centros ~44x20mm,Tiergarten,26/07/2026,80€,,,,,,AEM,https://photos.app.goo.gl/z1AWjNaSGpHX25Xi6,
245,Broche coral redondo botón central 2 orlas ~30x26mm,Tiergarten,26/07/2026,110€,,,,,,AEM,https://photos.app.goo.gl/xLpYLbYEnCEoMSqK9,
246,Broche coral rectangular alargado 3 ristras bolitas,Tiergarten,26/07/2026,80€,,,,,,AEM,https://photos.app.goo.gl/wr71xZoFEdBHXVkM9,
247,Broche coral alargado 3 centros ~47x15mm,Tiergarten,26/07/2026,90€,,,,,,AEM,https://photos.app.goo.gl/LWyvYnAzW92kxBUs6,
248,Broche coral rama 45x39mm 6g,Tiergarten,26/07/2026,15€,,,,,,AEM,https://photos.app.goo.gl/6covTomXuTAnVYit7,
249,"Collar coral 38g 10-4,3mm",Tiergarten,26/07/2026,114€,,,,,,AEM,https://photos.app.goo.gl/9uBCQYSkKDjsSrWw5,
250,"Collar coral 28g 9,6-4,0mm",Tiergarten,26/07/2026,84€,,,,,,AEM,https://photos.app.goo.gl/RruVxFhYmBg6pn8HA,
251,Collar marfil con colgante forma rosa,Tiergarten,26/07/2026,20€,,,,,,AEM,https://photos.app.goo.gl/8t8PgGgQAcpyvKMVA,
252,"Collar coral 22g 9,4-5,3mm",Tiergarten,26/07/2026,90€,,,,,,AEM,https://photos.app.goo.gl/z7wXqgpEiJZMytky9,
253,"Collar coral 21g 8,9-4,6mm",Tiergarten,26/07/2026,44€,,,,,,AEM,https://photos.app.goo.gl/FSGgtD9CNf1aqV2bA,
254,"Collar coral 18g 9,3-4,2mm",Tiergarten,26/07/2026,49€,,,,,,AEM,https://photos.app.goo.gl/feJfUJTx3rcMLjgs7,
255,"Collar coral 21g 8,7-4,2mm",Tiergarten,26/07/2026,57€,,,,,,AEM,https://photos.app.goo.gl/z5rWZ4QDkw9qptB68,
256,"Collar coral 20g 9,4-4,3mm",Tiergarten,26/07/2026,54€,,,,,,AEM,https://photos.app.goo.gl/5uJCheWFT16AqCKN6,
257,Collar largo coral 42g 5mm 160cm,Tiergarten,26/07/2026,55€,,,,,,AEM,https://photos.app.goo.gl/iscBZBSDpJBifHzC8,
258,"Collar coral 11g 6,0-2,5mm",Tiergarten,26/07/2026,20€,,,,,,AEM,https://photos.app.goo.gl/7ajYHpop3F9jy6Jb9,
259,"Collar muy largo cuentas no esféricas ~120cm ~5,5mm 52g",Tiergarten,26/07/2026,34€,,,,,,AEM,https://photos.app.goo.gl/ivZ7vwau8srphZVS8,
260,"Collar coral rosa 8,0-4,0mm 23g",Tiergarten,26/07/2026,16€,,,,,,AEM,https://photos.app.goo.gl/VQt4JcFtmj5UuoE56,
261,"Collar finito coral 10g ~3,9mm",Tiergarten,26/07/2026,7€,,,,,,AEM,https://photos.app.goo.gl/PQ5AJzUaUGeUJAHS6,
262,Collar coral y bolas metálicas 31g,Tiergarten,26/07/2026,20€,,,,,,AEM,https://photos.app.goo.gl/jnRGFHhDmr22WJGY7,
263,"Collar coral rosa 10,0-4,0mm 25g",Tiergarten,26/07/2026,16€,,,,,,AEM,https://photos.app.goo.gl/itXw3EZ6wE8zBUYm9,
264,"Collar finito coral rosa ~4,2mm 9g",Tiergarten,26/07/2026,4€,,,,,,AEM,https://photos.app.goo.gl/RctkLA5UZ8UtXFSV8,
265,"Pulsera finita coral ~4,3mm 3g",Tiergarten,26/07/2026,2€,,,,,,AEM,https://photos.app.goo.gl/Txgi9UfL9dt7naDFA,
266,"Collar coral ~6,0-3,0mm 8g",Tiergarten,26/07/2026,5€,,,,,,AEM,https://photos.app.goo.gl/wq6otoo3dfhb7iH46,
267,Collar coral doble ~5.3mm 28g,Tiergarten,26/07/2026,50€,,,,,,AEM,https://photos.app.goo.gl/UNxcedtxXDJgz8bEA,
268,Collar coral ~7.3-4.4mm 21g,Tiergarten,26/07/2026,38€,,,,,,AEM,https://photos.app.goo.gl/4Zyp8h3bkL1PWS7t7,
269,"Collar largo coral 88cm ~7,7-4,7mm 30g",Tiergarten,26/07/2026,54€,,,,,,AEM,https://photos.app.goo.gl/9JFR3zzvVsSzzxD97,
270,"Collar largo perlas imitación y coral 4,8-7,6mm (coral) 65g",Tiergarten,26/07/2026,42€,,,,,,Berlin,https://photos.app.goo.gl/DzBRshRe9AW6nDiz7,
271,"Collar coral y perlitas ~4,7mm 23g",Tiergarten,26/07/2026,15€,,,,,,Berlin,https://photos.app.goo.gl/Ef8hwPHDxkUNfo5S9,Cierre roto
272,"Collar coral ~4,7g 14g",Tiergarten,26/07/2026,9€,,,,,,Berlin,https://photos.app.goo.gl/n59qtaXVE8eTHGEs6,
273,"Collar coral rosa ~3,9mm 8g",Tiergarten,26/07/2026,5€,,,,,,Berlin,https://photos.app.goo.gl/djP3ng5ejZr8iZtDA,
274,"Collar coral rojo 5,8-3,2mm 8g",Tiergarten,26/07/2026,5€,,,,,,Berlin,https://photos.app.goo.gl/9Us2wdEiTRxipJru6,
275,Collar coral y barritas metal dorado 11g,Tiergarten,26/07/2026,7€,,,,,,Berlin,https://photos.app.goo.gl/yWoooo6VYVDabA416,
276,Collar coral finito ~4.0mm 6g,Tiergarten,26/07/2026,4€,,,,,,Berlin,https://photos.app.goo.gl/KM8DBVQpajKP12oA7,
277,"Collar finito coral rosado 3,2mm 5g",Tiergarten,26/07/2026,3€,,,,,,Berlin,https://photos.app.goo.gl/DWEgCe45tKLnBYbv9,
278,"Collar coral blanco 14,7-6,0mm 72g",Tiergarten,26/07/2026,151€,,,,,,Berlin,https://photos.app.goo.gl/pBYTykeoSxDUZdL39,Reenfilar
279,"Collar coral 8,7-3,5mm 14g",Tiergarten,26/07/2026,29€,,,,,,Berlin,https://photos.app.goo.gl/MijP2J3x5vSefbSf6,
280,"Collar coral 6,1-4,0mm 22g",Tiergarten,26/07/2026,46€,,,,,,Berlin,https://photos.app.goo.gl/iHymdJLnPBaU31X49,
281,"Collar coral largo ~96cm 8,0-4,0mm 28g",Tiergarten,26/07/2026,50€,,,,,,Berlin,https://photos.app.goo.gl/fYxJoNTQkFjo1qzy8,
282,Collar coral veta marcada 14mm 212g,Tiergarten,26/07/2026,138€,,,,,,Berlin,https://photos.app.goo.gl/mzR614Kda4vyomqK6,Por enfilar
283,"Collar coral rosado 7,9mm 36g",Tiergarten,26/07/2026,23€,,,,,,Berlin,https://photos.app.goo.gl/NXEqha1BKxMvtiwr6,Por enfilar
284,"Collar coral 7,3-3,7mm 13g",Tiergarten,26/07/2026,8€,,,,,,Berlin,https://photos.app.goo.gl/bA6rg8yyDYRKrnL6A,Por enfilar
285,Collar coral piezas achatadas 33g ,Tiergarten,26/07/2026,21€,,,,,,Berlin,https://photos.app.goo.gl/8YjmedYEYK3aDS5XA,Por enfilar
286,"Collar coral piezas cilíndricas >2 metros, 59g",Tiergarten,26/07/2026,38€,,,,,,Berlin,https://photos.app.goo.gl/f6QriANizGjLDARA7,
287,"Collar largo coral ~78cm 4,4-3,8mm 18g",Tiergarten,26/07/2026,12€,,,,,,Berlin,https://photos.app.goo.gl/WW8igan18qgJjTzM9,
288,"Collar pequeño coral 11g 4,3-4,4mm ",Tiergarten,26/07/2026,7€,,,,,,Berlin,https://photos.app.goo.gl/E776UYXXDAsjZs7w8,Por enfilar
289,"Collar coral clarito 20g 7,0-4,0mm",Tiergarten,26/07/2026,13€, ,,,,,Berlin,https://photos.app.goo.gl/psi7kxYsncc5HN2q6,Por enfilar
290,"Broche metal dorado y 5 botones coral, circular 27mm diam",Agra,26/09/2026,30€,,,,,,Berlin,https://photos.app.goo.gl/R8oBUmP5QJ5Jx8j2A,
291,Broche coral semicircular perlita 34x24mm,Agra,26/09/2026,60€,,,,,,Berlin,https://photos.app.goo.gl/acfcRi4TecuD8b5q8,
292,Broche coral hecho con trozo tiara 66x16mm,Agra,26/09/2026,60€,,,,,,Berlin,https://photos.app.goo.gl/m36Yb3skrLV3ESR97,
293,Broche coral circular diam 30mm,Agra,26/09/2026,70€,,,,,,Berlin,https://photos.app.goo.gl/NxM82UR1JHKAhu4C9,
294,Broche coral rombo 38x25mm,Agra,26/09/2026,65€,,,,,,Berlin,https://photos.app.goo.gl/quekuEohbmSZR6gN9,
295,Broche oro bajo botoncito coral 38x21mm,Agra,26/09/2026,42€,,,,,,Berlin,https://photos.app.goo.gl/M5xnjbLo3hwM3vn16,
296,Broche coral alargado 40x20mm,Agra,26/09/2026,60€,,,,,,Berlin,https://photos.app.goo.gl/E6Jtvgvc2yFrLCs77,
297,Broche coral alargado 42x16mm,Agra,26/09/2026,55€,,,,,,Berlin,https://photos.app.goo.gl/L9cdNFkySp5gSbv19,
298,Broche coral estrella diam 25mm,Agra,26/09/2026,52€,,,,,,Berlin,https://photos.app.goo.gl/5xo8oDPfUCcAbaQS9,
299,Broche coral hecho con trozo tiara 46x11mm,Agra,26/09/2026,51€,,,,,,Berlin,https://photos.app.goo.gl/DwJnZ9dvfnRoV8CDA,
300,Broche alargado coral 43x22mm,Agra,26/09/2026,55€,,,,,,Berlin,https://photos.app.goo.gl/C1T7m5tyDBCUVqPT6,
301,"Collar oro 14k y plata con bola coral, anillo onix y dtes",Agra,26/09/2026,450€,,,,,,Berlin,https://photos.app.goo.gl/NVNvm6apjaUpFtkb6,
302,Pendientes oro 14k y piñones coral 39mm,Agra,26/09/2026,450€,,,,,,Berlin,https://photos.app.goo.gl/rKGhVErsMzqUmXvn7,
303,"Colgante filigrana plata, turquesa y esmalte",Agra,26/09/2026,50€,,,,,,Berlin,https://photos.app.goo.gl/zjMcgtYSHTF6BcpZ9,
304,"Collar coral 23g 6,3-3,8mm",Tiergarten,26/07/2026,41€,,,,,,Berlin,https://photos.app.goo.gl/sLujHfDDT8Jpi6SN7,Por enfilar
305,"Collar coral con centro forma esfera 17,8g",Tiergarten,26/07/2026,32€,,,,,,Berlin,https://photos.app.goo.gl/byCZuGYP6oCkScA18,
306,"Collar coral 14,7g 8,5x3,9mm",Tiergarten,26/07/2026,26€,,,,,,Berlin,https://photos.app.goo.gl/aPc1SHdcW93T4Bt28,Por enfilar
307,"Collar coral 8,7-4,4mm 26,7g",Tiergarten,26/07/2026,48€,,,,,,Berlin,https://photos.app.goo.gl/E676yWFitNP3vqZG6,Por enfilar
308,"Collar coral 6,7-3,1mm 14,5g",Tiergarten,26/07/2026,26€,,,,,,Berlin,https://photos.app.goo.gl/C5E8u9DxvXmKbuGE8,
309,"Collar coral 7,8-3,5mm 12,6g",Tiergarten,26/07/2026,23€,,,,,,Berlin,https://photos.app.goo.gl/oawGzpRGm8zGKZ7u8,